
temporary

MySQL 临时表在我们需要保存一些临时数据时是非常有用的。临时表只在当前连接可见，当关闭连接时，Mysql会自动删除表并释放所有空间。

临时表在MySQL 3.23版本中添加，如果你的MySQL版本低于 3.23版本就无法使用MySQL的临时表。不过现在一般很少有再使用这么低版本的MySQL数据库服务了。

MySQL临时表只在当前连接可见，如果你使用PHP脚本来创建MySQL临时表，那每当PHP脚本执行完成后，该临时表也会自动销毁。

如果你使用了其他MySQL客户端程序连接MySQL数据库服务器来创建临时表，那么只有在关闭客户端程序时才会销毁临时表，当然你也可以手动销毁。

	mysql> create temporary table SalesSummary (
		-> product_name varchar(50) not null,
		-> total_sales decimal(12,2) not null default 0.00,
		-> avg_unit_price decimal(7,2) not null default 0.00,
		-> total_units_sold int unsigned not null default 0);
	Query OK, 0 rows affected (0.01 sec)

	mysql> insert into SalesSummary (product_name, total_sales, avg_unit_price, total_units_sold) values
		-> ('jjj', 100.25, 90, 2);
	Query OK, 1 row affected (0.01 sec)

	mysql> select * from SalesSummary;
	+--------------+-------------+----------------+------------------+
	| product_name | total_sales | avg_unit_price | total_units_sold |
	+--------------+-------------+----------------+------------------+
	| jjj          |      100.25 |          90.00 |                2 |
	+--------------+-------------+----------------+------------------+
	1 row in set (0.00 sec)

	mysql> select * from SalesSummary;
	+--------------+-------------+----------------+------------------+
	| product_name | total_sales | avg_unit_price | total_units_sold |
	+--------------+-------------+----------------+------------------+
	| jjj          |      100.25 |          90.00 |                2 |
	+--------------+-------------+----------------+------------------+
	1 row in set (0.00 sec)

	mysql> drop table SalesSummary;
	Query OK, 0 rows affected (0.00 sec)

	mysql> select * from SalesSummary;
	ERROR 1146 (42S02): Table 'nodesystem.salessummary' doesn't exist
	mysql> 


