GROUP BY 语句根据一个或多个列对结果集进行分组。

在分组的列上我们可以使用 COUNT, SUM, AVG,等函数。

	GROUP BY 语法
	SELECT column_name, function(column_name)
	FROM table_name
	WHERE column_name operator value
	GROUP BY column_name;

	SET NAMES utf8;
	SET FOREIGN_KEY_CHECKS = 0;

	-- ----------------------------
	--  Table structure for `employee_tbl`
	-- ----------------------------
	DROP TABLE IF EXISTS `employee_tbl`;
	CREATE TABLE `employee_tbl` (
	  `id` int(11) NOT NULL,
	  `name` char(10) NOT NULL DEFAULT '',
	  `date` datetime NOT NULL,
	  `signin` tinyint(4) NOT NULL DEFAULT '0' COMMENT '登录次数',
	  PRIMARY KEY (`id`)
	) ENGINE=InnoDB DEFAULT CHARSET=utf8;

	-- ----------------------------
	--  Records of `employee_tbl`
	-- ----------------------------
	BEGIN;
	INSERT INTO `employee_tbl` VALUES ('1', '小明', '2016-04-22 15:25:33', '1'), ('2', '小王', '2016-04-20 15:25:47', '3'), ('3', '小丽', '2016-04-19 15:26:02', '2'), ('4', '小王', '2016-04-07 15:26:14', '4'), ('5', '小明', '2016-04-11 15:26:40', '4'), ('6', '小明', '2016-04-04 15:26:54', '2');
	COMMIT;

	SET FOREIGN_KEY_CHECKS = 1;


	mysql> select * from employee_tbl
		-> ;
	+----+------+---------------------+--------+
	| id | name | date                | signin |
	+----+------+---------------------+--------+
	|  1 | 小明 | 2016-04-22 15:25:33 |      1 |
	|  2 | 小王 | 2016-04-20 15:25:47 |      3 |
	|  3 | 小丽 | 2016-04-19 15:26:02 |      2 |
	|  4 | 小王 | 2016-04-07 15:26:14 |      4 |
	|  5 | 小明 | 2016-04-11 15:26:40 |      4 |
	|  6 | 小明 | 2016-04-04 15:26:54 |      2 |
	+----+------+---------------------+--------+
	6 rows in set (0.01 sec)

	mysql> select name, count(*) from employee_tbl group by name;
	+------+----------+
	| name | count(*) |
	+------+----------+
	| 小明 |        3 |
	| 小王 |        2 |
	| 小丽 |        1 |
	+------+----------+
	3 rows in set (0.01 sec)

	mysql>