
	mysql> create table insect
		-> (
		-> id int unsigned not null auto_increment,
		-> primary key(id),
		-> name varchar(30) not null,
		-> date date not null,
		-> origin varchar(30) not null
		-> );
	Query OK, 0 rows affected (0.02 sec)

	mysql> insert into insect (id, name, date, origin) values
		-> (null, 'aaa', '2020-03-20', 'kkk'),
		-> (null, 'bbb', '2020-04-20', 'bbb'),
		-> (null, 'gr', '2030-10-20', 'sjsss');
	Query OK, 3 rows affected (0.01 sec)
	Records: 3  Duplicates: 0  Warnings: 0

	mysql> select * from insect order by id;
	+----+------+------------+--------+
	| id | name | date       | origin |
	+----+------+------------+--------+
	|  1 | aaa  | 2020-03-20 | kkk    |
	|  2 | bbb  | 2020-04-20 | bbb    |
	|  3 | gr   | 2030-10-20 | sjsss  |
	+----+------+------------+--------+
	3 rows in set (0.00 sec)

	mysql> select * from insect;
	+----+------+------------+--------+
	| id | name | date       | origin |
	+----+------+------------+--------+
	|  1 | aaa  | 2020-03-20 | kkk    |
	|  2 | bbb  | 2020-04-20 | bbb    |
	|  3 | gr   | 2030-10-20 | sjsss  |
	+----+------+------------+--------+
	3 rows in set (0.01 sec)

	mysql> 



