
语法

以下是 SQL SELECT 语句使用 ORDER BY 子句将查询数据排序后再返回数据：

	SELECT field1, field2,...fieldN FROM table_name1, table_name2...
	ORDER BY field1 [ASC [DESC][默认 ASC]], [field2...] [ASC [DESC][默认 ASC]]

你可以使用任何字段来作为排序的条件，从而返回排序后的查询结果。

你可以设定多个字段来排序。

你可以使用 ASC 或 DESC 关键字来设置查询结果是按升序或降序排列。 默认情况下，它是按升序排列。

你可以添加 WHERE...LIKE 子句来设置条件。

	mysql> select * from myroot;
	+----+-------+-------+-------+------------+
	| id | name  | age   | phone | date       |
	+----+-------+-------+-------+------------+
	|  4 | kk    | 23    | 234   | 2033-02-02 |
	|  5 | kkaa  | 2345  | 12234 | 2034-02-01 |
	|  6 | akkka | 23456 | 1223  | 2012-02-01 |
	|  7 | 1231a | 2334  | 12323 | 2010-02-02 |
	|  8 | sll   | 232   | 122   | 2010-08-23 |
	|  9 | sk    | 23    | 45    | 2030-09-23 |
	| 10 | kvk   | 23421 | 2324  | 2021-02-10 |
	| 11 | uue   | 23    | 234   | 1990-02-03 |
	+----+-------+-------+-------+------------+
	8 rows in set (0.00 sec)

	mysql> select * from myroot order by date;
	+----+-------+-------+-------+------------+
	| id | name  | age   | phone | date       |
	+----+-------+-------+-------+------------+
	| 11 | uue   | 23    | 234   | 1990-02-03 |
	|  7 | 1231a | 2334  | 12323 | 2010-02-02 |
	|  8 | sll   | 232   | 122   | 2010-08-23 |
	|  6 | akkka | 23456 | 1223  | 2012-02-01 |
	| 10 | kvk   | 23421 | 2324  | 2021-02-10 |
	|  9 | sk    | 23    | 45    | 2030-09-23 |
	|  4 | kk    | 23    | 234   | 2033-02-02 |
	|  5 | kkaa  | 2345  | 12234 | 2034-02-01 |
	+----+-------+-------+-------+------------+
	8 rows in set (0.00 sec)

	mysql> select * from myroot order by date asc;
	+----+-------+-------+-------+------------+
	| id | name  | age   | phone | date       |
	+----+-------+-------+-------+------------+
	| 11 | uue   | 23    | 234   | 1990-02-03 |
	|  7 | 1231a | 2334  | 12323 | 2010-02-02 |
	|  8 | sll   | 232   | 122   | 2010-08-23 |
	|  6 | akkka | 23456 | 1223  | 2012-02-01 |
	| 10 | kvk   | 23421 | 2324  | 2021-02-10 |
	|  9 | sk    | 23    | 45    | 2030-09-23 |
	|  4 | kk    | 23    | 234   | 2033-02-02 |
	|  5 | kkaa  | 2345  | 12234 | 2034-02-01 |
	+----+-------+-------+-------+------------+
	8 rows in set (0.00 sec)

	mysql> select * from myroot order by date desc;
	+----+-------+-------+-------+------------+
	| id | name  | age   | phone | date       |
	+----+-------+-------+-------+------------+
	|  5 | kkaa  | 2345  | 12234 | 2034-02-01 |
	|  4 | kk    | 23    | 234   | 2033-02-02 |
	|  9 | sk    | 23    | 45    | 2030-09-23 |
	| 10 | kvk   | 23421 | 2324  | 2021-02-10 |
	|  6 | akkka | 23456 | 1223  | 2012-02-01 |
	|  8 | sll   | 232   | 122   | 2010-08-23 |
	|  7 | 1231a | 2334  | 12323 | 2010-02-02 |
	| 11 | uue   | 23    | 234   | 1990-02-03 |
	+----+-------+-------+-------+------------+
	8 rows in set (0.00 sec)
